{
    "aspect_mean": 173.86700439453125,
    "aspect_std": 105.78313446044922,
    "band_2_mean": 10223.490234375,
    "band_2_std": 1556.3853759765625,
    "band_3_mean": 10272.3916015625,
    "band_3_std": 1949.7315673828125,
    "band_4_mean": 10552.923828125,
    "band_4_std": 2597.6884765625,
    "band_5_mean": 14827.54296875,
    "band_5_std": 3528.11865234375,
    "dem_max_mean": 2769.949462890625,
    "dem_min_mean": 1907.545166015625,
    "dem_std_range": 451.7758483886719,
    "max_temp1_mean": 23.25769230769231,
    "max_temp1_std": 4.793920274434393,
    "max_temp2_mean": 9.376923076923076,
    "max_temp2_std": 3.6569541437468773,
    "mean_hum_mean": 34.383888703756924,
    "mean_hum_std": 9.740608287668051,
    "ndvi_mean": 0.1638520509004593,
    "ndvi_std": 0.10569434612989426,
    "total_precip_mean": 0.10318910261538461,
    "total_precip_std": 0.22904903574644928,
    "wind_speeds_mean": 50.77547922670309,
    "wind_speeds_std": 47.75172246870609
}