{
    "aspect_mean": 173.86700439453125,
    "aspect_std": 105.78313446044922,
    "band_2_mean": 10223.490234375,
    "band_2_std": 1556.3853759765625,
    "band_3_mean": 10272.3916015625,
    "band_3_std": 1949.7315673828125,
    "band_4_mean": 10552.923828125,
    "band_4_std": 2597.6884765625,
    "band_5_mean": 14827.54296875,
    "band_5_std": 3528.11865234375,
    "dem_max_mean": 2769.949462890625,
    "dem_min_mean": 1907.545166015625,
    "dem_std_range": 451.7758483886719,
    "max_temp1_mean": 23.34444444444445,
    "max_temp1_std": 4.725057972078879,
    "max_temp2_mean": 9.41111111111111,
    "max_temp2_std": 3.592825498368714,
    "mean_hum_mean": 34.19135616385482,
    "mean_hum_std": 9.608807645537018,
    "ndvi_mean": 0.1638520509004593,
    "ndvi_std": 0.10569434612989426,
    "slope_mean": 11.484354019165039,
    "slope_std": 9.495161056518555,
    "total_precip_mean": 0.099367284,
    "total_precip_std": 0.22561057903445877,
    "wind_speeds_mean": 50.761456566160696,
    "wind_speeds_std": 47.214606480149236
}