{
    "aspect_mean": 167.30145263671875,
    "aspect_std": 99.50641632080078,
    "band_2_mean": 9425.4033203125,
    "band_2_std": 1388.3656005859375,
    "band_3_mean": 9337.1611328125,
    "band_3_std": 1593.1339111328125,
    "band_4_mean": 9251.2109375,
    "band_4_std": 2047.0947265625,
    "band_5_mean": 13025.521484375,
    "band_5_std": 3557.499755859375,
    "dem_max_mean": 2808.41455078125,
    "dem_min_mean": 1907.37451171875,
    "dem_std_range": 565.093505859375,
    "max_temp1_mean": 23.002941176470586,
    "max_temp1_std": 4.289623958160219,
    "max_temp2_mean": 8.947058823529412,
    "max_temp2_std": 3.3844136944769803,
    "mean_hum_mean": 34.23320784528588,
    "mean_hum_std": 9.57044677024656,
    "ndvi_mean": 0.1578344702720642,
    "ndvi_std": 0.13027699291706085,
    "slope_mean": 12.822487831115723,
    "slope_std": 10.13094425201416,
    "total_precip_mean": 0.14508578432352942,
    "total_precip_std": 0.3717977486945918,
    "wind_speeds_mean": 54.31659142759943,
    "wind_speeds_std": 53.523409377324505
}