{
    "aspect_mean": 251.2254638671875,
    "aspect_std": 2252.51904296875,
    "band_2_mean": 10217.9111328125,
    "band_2_std": 1545.6033935546875,
    "band_3_mean": 10257.099609375,
    "band_3_std": 1939.545166015625,
    "band_4_mean": 10525.1376953125,
    "band_4_std": 2588.96630859375,
    "band_5_mean": 14825.41015625,
    "band_5_std": 3507.92626953125,
    "dem_max_mean": 2769.949462890625,
    "dem_min_mean": 1907.545166015625,
    "dem_std_range": 467.7933349609375,
    "max_temp1_mean": 23.493548387096777,
    "max_temp1_std": 4.442459031624117,
    "max_temp2_mean": 9.590322580645159,
    "max_temp2_std": 3.4063844079392163,
    "mean_hum_mean": 33.104272274183224,
    "mean_hum_std": 9.679657433010231,
    "ndvi_mean": 0.16513383388519287,
    "ndvi_std": 0.10566169023513794,
    "slope_mean": 11.47800064086914,
    "slope_std": 9.467252731323242,
    "total_precip_mean": 0.08654569896774193,
    "total_precip_std": 0.21317135657950537,
    "wind_speeds_mean": 50.80305642542673,
    "wind_speeds_std": 48.654404901866926
}