{
    "aspect_mean": 75.76115417480469,
    "aspect_std": 106.33404541015625,
    "band_2_mean": 4458.7978515625,
    "band_2_std": 5015.60791015625,
    "band_3_mean": 4422.15576171875,
    "band_3_std": 5019.80615234375,
    "band_4_mean": 4382.79296875,
    "band_4_std": 5075.78271484375,
    "band_5_mean": 5326.29248046875,
    "band_5_std": 6282.48046875,
    "dem_max_mean": 1553.6390380859375,
    "dem_min_mean": 776.4234619140625,
    "dem_std_range": 470.81689453125,
    "max_temp1_mean": 23.344444444444445,
    "max_temp1_std": 4.725057972078879,
    "max_temp2_mean": 9.411111111111111,
    "max_temp2_std": 3.592825498368714,
    "mean_hum_mean": 34.19135616385481,
    "mean_hum_std": 9.608807645537018,
    "ndvi_mean": 0.04032444953918457,
    "ndvi_std": 0.08498385548591614,
    "slope_mean": 4.976686477661133,
    "slope_std": 7.948133945465088,
    "total_precip_mean": 0.099367284,
    "total_precip_std": 0.2256105790344588,
    "wind_speeds_mean": 51.90629530820058,
    "wind_speeds_std": 46.49296670077927
}