{
    "aspect_mean": 173.86705017089844,
    "aspect_std": 105.78314971923828,
    "band_2_mean": 10223.484375,
    "band_2_std": 1556.385009765625,
    "band_3_mean": 10272.3896484375,
    "band_3_std": 1949.7314453125,
    "band_4_mean": 10552.9208984375,
    "band_4_std": 2597.6875,
    "band_5_mean": 14827.5439453125,
    "band_5_std": 3528.11962890625,
    "dem_max_mean": 2769.949462890625,
    "dem_min_mean": 1907.545166015625,
    "dem_std_range": 451.7758483886719,
    "max_temp1_mean": 23.344444444444452,
    "max_temp1_std": 4.725057972078879,
    "max_temp2_mean": 9.411111111111111,
    "max_temp2_std": 3.5928254983687133,
    "mean_hum_mean": 34.19135616385481,
    "mean_hum_std": 9.608807645537018,
    "ndvi_mean": 0.16385208070278168,
    "ndvi_std": 0.10569432377815247,
    "slope_mean": 11.484368324279785,
    "slope_std": 9.495163917541504,
    "total_precip_mean": 0.099367284,
    "total_precip_std": 0.22561057903445877,
    "wind_speeds_mean": 50.76145656616069,
    "wind_speeds_std": 47.214606480149236
}